Peak1,Peak1Error,Peak2,Peak2Error
6836.326308283701,2.1579133290675183,7759.866735734249,2.4379652268922998
6852.757913700025,2.4029151133661237,7768.338504624979,2.1913127841546856
6839.659678619949,2.087663786897677,7758.125360048478,2.2196567078388263
