Peak1,Peak1Error,Peak2,Peak2Error
6831.147715896691,211.13602996848505,7748.316460272893,198.71213806015712
6840.612164494383,207.32551062292825,7758.62138329455,197.7552112675631
6831.311857432626,206.5995464114098,7749.636407464348,197.38111922669623
