Peak1,Peak1Error,Peak2,Peak2Error
6834.411153020692,209.62880261303283,7752.198688139758,213.74589444532407