Peak1,Peak1Error,Peak2,Peak2Error,Peak3,Peak3Error
3099.8456568421643,337.90102838195014
3061.5899785615334,363.54763901332694
3009.8206089949476,394.4135009725919
