Peak1,Peak1Error,Peak2,Peak2Error,Peak3,Peak3Error
3155.761919788685,373.00990262032116
3109.6459232577254,376.145762232376
3059.921089902075,381.3994428691824
