Peak1,Peak1Error,Peak2,Peak2Error,Peak3,Peak3Error
3058.7404814654533,402.95254501354697
