Peak1,Peak1Error
2902.0282982684594,1.3630833491400163

2901.8184888003293,1.3652595193114359

2897.135227783813,1.3567737846804362

