Peak1,Peak1Error,Peak2,Peak2Error,Peak3,Peak3Error
2901.950594355171,227.16922981640013,7353.3699990849655,325.4772599851366,10522.414725842897,271.75676745196057
2901.7411038868754,227.39157468809626,7352.195619888105,327.24668882380945,10522.994529519892,272.9640192252592
2897.0625303036195,224.84633574336803,7339.846341592403,327.53820739899743,10504.884209362737,270.1580853383242
