Peak1,Peak1Error,Peak2,Peak2Error,Peak3,Peak3Error
2900.239818941812,226.52714672858946,7348.487140165147,327.14115514077264,10516.603994173272,272.2622723949626
