Peak1,Peak1Error,Peak2,Peak2Error,Peak3,Peak3Error
1085.028596919349,491.50942502023776,2790.5608483833894,449.99999999999994,5150.668663658095,449.99999999999994
1079.3050278833564,490.3686118500149,2786.8956659189153,449.99999999999994,5135.3079851339435,449.99999999999994
1077.2812247867926,489.06940457655185,2781.618179376949,449.99999999999994,5126.836105691027,449.99999999999994
