Peak1,Peak1Error,Peak2,Peak2Error,Peak3,Peak3Error
1079.7877023585554,490.22964404916485,2805.530517180874,690.9247306220149,5123.391836506595,555.4402764248067
